{
  "config": {
    "cfg": "configs/tusimple_res18_fpn_matchv2.yaml",
    "ckpt": "/root/autodl-tmp/checkpoints/lane-det/20260321_203752/last.pth",
    "split": "val",
    "dataset_size": 362,
    "score_thr": 0.5,
    "nms_thr": 30.0
  },
  "gt_positive_coverage": {
    "gt_lane_total": 1436,
    "gt_zero_positive_total": 72,
    "gt_zero_positive_rate": 0.05013927576601671,
    "per_gt_positive_count": {
      "count": 1436,
      "mean": 1.84958217270195,
      "std": 0.47756764553413533,
      "min": 0.0,
      "p50": 2.0,
      "p90": 2.0,
      "p95": 2.0,
      "max": 2.0
    }
  },
  "decode_counts": {
    "score_thr_pass_count": {
      "count": 362,
      "mean": 50.930939226519335,
      "std": 15.043149124499894,
      "min": 15.0,
      "p50": 47.0,
      "p90": 73.0,
      "p95": 80.89999999999998,
      "max": 114.0
    },
    "valid_candidate_count_before_nms": {
      "count": 362,
      "mean": 40.668508287292816,
      "std": 12.884765619428663,
      "min": 15.0,
      "p50": 37.0,
      "p90": 59.0,
      "p95": 65.94999999999999,
      "max": 108.0
    },
    "post_nms_count": {
      "count": 362,
      "mean": 17.558011049723756,
      "std": 10.2818406901575,
      "min": 5.0,
      "p50": 14.0,
      "p90": 33.0,
      "p95": 41.0,
      "max": 67.0
    },
    "valid_length_before_nms": {
      "count": 18437,
      "mean": 30.421218202527527,
      "std": 23.453666238410047,
      "min": 0.0,
      "p50": 27.0,
      "p90": 56.0,
      "p95": 56.0,
      "max": 56.0
    }
  },
  "score_distribution": {
    "all_scores": {
      "count": 1630086,
      "mean": 0.030142351388516783,
      "std": 0.08610583424363615,
      "min": 2.1459124255329698e-08,
      "p50": 0.00810934230685234,
      "p90": 0.053762154653668404,
      "p95": 0.11027387157082558,
      "max": 0.9678314924240112
    },
    "all_scores_hist": {
      "bins": [
        "0.0-0.1",
        "0.1-0.2",
        "0.2-0.3",
        "0.3-0.4",
        "0.4-0.5",
        "0.5-0.6",
        "0.6-0.7",
        "0.7-0.8",
        "0.8-0.9",
        "0.9-1.0"
      ],
      "counts": [
        1541064,
        40547,
        14785,
        8856,
        6397,
        5622,
        5030,
        4425,
        3042,
        318
      ]
    },
    "thr_scores": {
      "count": 18437,
      "mean": 0.6786721283781585,
      "std": 0.1127815636401362,
      "min": 0.5000100135803223,
      "p50": 0.6705081462860107,
      "p90": 0.8365849971771241,
      "p95": 0.8639950633049012,
      "max": 0.9678314924240112
    },
    "thr_scores_hist": {
      "bins": [
        "0.0-0.1",
        "0.1-0.2",
        "0.2-0.3",
        "0.3-0.4",
        "0.4-0.5",
        "0.5-0.6",
        "0.6-0.7",
        "0.7-0.8",
        "0.8-0.9",
        "0.9-1.0"
      ],
      "counts": [
        0,
        0,
        0,
        0,
        0,
        5622,
        5030,
        4425,
        3042,
        318
      ]
    }
  },
  "stage2_delta": {
    "abs_delta_all_points": {
      "count": 91284816,
      "mean": 4.246614535999361,
      "std": 6.033493895801636,
      "min": 5.587935447692871e-08,
      "p50": 2.03016459941864,
      "p90": 10.778623580932617,
      "p95": 15.883445739746094,
      "max": 293.6667175292969
    },
    "abs_delta_points_on_scored_anchors": {
      "count": 1032472,
      "mean": 2.427077511258557,
      "std": 6.20997842015806,
      "min": 1.3299286365509033e-06,
      "p50": 0.6602445244789124,
      "p90": 4.659482526779175,
      "p95": 9.740048122406003,
      "max": 245.31813049316406
    },
    "abs_stage1_all_points": {
      "count": 91284816,
      "mean": 6.321906305734977,
      "std": 9.243089187521122,
      "min": 1.862645149230957e-08,
      "p50": 2.514443039894104,
      "p90": 17.963736534118652,
      "p95": 24.965904235839844,
      "max": 177.78982543945312
    }
  }
}